USE jungle_catalog;
DELETE FROM test_artifacts;
DELETE FROM test_runs;
DELETE FROM test_versions;
DELETE FROM tests;
DELETE FROM projects;
INSERT INTO projects (id, name, created_at, updated_at) VALUES ('genai_2026', 'Genai_2026', '2026-03-15 03:21:57', '2026-03-15 03:21:57');
INSERT INTO tests (id, project_id, title, objective, status, latest_version, created_at, updated_at) VALUES ('langflow_orchestration_1773512123618766600', 'genai_2026', 'Observe rotating-square ball animation and identify critical defects', 'Observe rotating-square ball animation and identify critical defects.', 'needs_changes', 1, '2026-03-14 18:49:28', '2026-03-14 18:49:28');
INSERT INTO test_versions (id, test_id, version_number, objective, notes, status, source_type, plan_json, created_at) VALUES ('langflow_orchestration_1773512123618766600_v1', 'langflow_orchestration_1773512123618766600', 1, 'Observe rotating-square ball animation and identify critical defects.', 'locator.waitFor: Timeout 10000ms exceeded.
Call log:
[2m  - waiting for locator(''selector-for-rotating-square-ball'').first() to be visible[22m
', 'needs_changes', 'langflow_import', '{"objective":"Observe rotating-square ball animation and identify critical defects.","rationale":"The goal is to passively observe the animation without performing destructive actions, ensuring that any defects can be identified without interfering with the application''s state.","app_bootstrap":{"required":true,"reason":"The application needs to be started to observe the animation.","workspace":"C:\\\\Users\\\\William\\\\Desktop\\\\Projects\\\\Genai_2026","files":[],"install_command":"npm install","start_command":"npm start","startup_timeout_ms":30000},"steps":[{"action":"goto","target":"http://127.0.0.1:8088"},{"action":"assertVisible","target":"selector-for-rotating-square-ball"},{"action":"wait","duration_ms":15000},{"action":"screenshot","target":"final_screenshot.png"}],"assertions":["The rotating-square ball is visible on the page."],"success_criteria":["The application starts successfully without errors.","The rotating-square ball animation is observed for at least 15 seconds.","A screenshot of the animation is captured."]}', '2026-03-14 18:49:28');
INSERT INTO test_runs (id, test_id, status, summary, video_path, source_file, created_at) VALUES ('orchestration_1773512123618766600', 'langflow_orchestration_1773512123618766600', 'fail', 'locator.waitFor: Timeout 10000ms exceeded.
Call log:
[2m  - waiting for locator(''selector-for-rotating-square-ball'').first() to be visible[22m
', 'C:\\Users\\William\\Desktop\\Projects\\Genai_2026\\db\\langflow_agentic_runs\\run_35316_1773512035256\\97c17a1ef026d53db3b424c74eb9c6fc.webm', 'C:\\Users\\William\\Desktop\\Projects\\Genai_2026\\db\\langflow_agentic_runs\\orchestration_1773512123618766600.json', '2026-03-14 18:49:28');
INSERT INTO test_artifacts (run_id, artifact_path) VALUES ('orchestration_1773512123618766600', 'C:\\Users\\William\\Desktop\\Projects\\Genai_2026\\db\\langflow_agentic_runs\\run_35316_1773512035256\\97c17a1ef026d53db3b424c74eb9c6fc.webm');
INSERT INTO test_artifacts (run_id, artifact_path) VALUES ('orchestration_1773512123618766600', 'C:\\Users\\William\\Desktop\\Projects\\Genai_2026\\db\\langflow_agentic_runs\\run_35316_1773512035256\\final_1773512045642.png');
INSERT INTO test_artifacts (run_id, artifact_path) VALUES ('orchestration_1773512123618766600', 'C:\\Users\\William\\Desktop\\Projects\\Genai_2026\\db\\langflow_agentic_runs\\run_35316_1773512035256\\playwright_executor.generated.js');
INSERT INTO test_artifacts (run_id, artifact_path) VALUES ('orchestration_1773512123618766600', 'C:\\Users\\William\\Desktop\\Projects\\Genai_2026\\db\\langflow_agentic_runs\\run_35316_1773512035256\\request_parser.json');
INSERT INTO tests (id, project_id, title, objective, status, latest_version, created_at, updated_at) VALUES ('langflow_orchestration_1773512253630940400', 'genai_2026', 'Observe rotating-square ball animation and identify critical defects', 'Observe rotating-square ball animation and identify critical defects.', 'needs_changes', 1, '2026-03-14 18:49:28', '2026-03-14 18:49:28');
INSERT INTO test_versions (id, test_id, version_number, objective, notes, status, source_type, plan_json, created_at) VALUES ('langflow_orchestration_1773512253630940400_v1', 'langflow_orchestration_1773512253630940400', 1, 'Observe rotating-square ball animation and identify critical defects.', 'locator.waitFor: Timeout 10000ms exceeded.
Call log:
[2m  - waiting for locator(''selector-for-rotating-square-ball'').first() to be visible[22m
', 'needs_changes', 'langflow_import', '{"objective":"Observe rotating-square ball animation and identify critical defects.","rationale":"The goal is to passively observe the animation without performing destructive actions. This requires ensuring the application is running, capturing the animation, and asserting its visibility.","app_bootstrap":{"required":true,"reason":"The application may not be running, and we need to ensure it is started before observation.","workspace":"C:\\\\Users\\\\William\\\\Desktop\\\\Projects\\\\Genai_2026","files":[],"install_command":"npm install","start_command":"npm start","startup_timeout_ms":30000},"steps":[{"action":"goto","target":"http://127.0.0.1:8088"},{"action":"wait","duration_ms":10000},{"action":"assertVisible","target":"selector-for-rotating-square-ball"},{"action":"wait","duration_ms":10000},{"action":"screenshot","target":"final_screenshot.png"}],"assertions":["The rotating-square ball animation is visible on the page."],"success_criteria":["The application is successfully started.","The rotating-square ball animation is observed for at least 20 seconds.","A screenshot of the animation is captured."]}', '2026-03-14 18:49:28');
INSERT INTO test_runs (id, test_id, status, summary, video_path, source_file, created_at) VALUES ('orchestration_1773512253630940400', 'langflow_orchestration_1773512253630940400', 'fail', 'locator.waitFor: Timeout 10000ms exceeded.
Call log:
[2m  - waiting for locator(''selector-for-rotating-square-ball'').first() to be visible[22m
', 'C:\\Users\\William\\Desktop\\Projects\\Genai_2026\\db\\langflow_agentic_runs\\run_5352_1773512144963\\b61c8a4e0c41cbfa6e8cebf6fc772a2c.webm', 'C:\\Users\\William\\Desktop\\Projects\\Genai_2026\\db\\langflow_agentic_runs\\orchestration_1773512253630940400.json', '2026-03-14 18:49:28');
INSERT INTO test_artifacts (run_id, artifact_path) VALUES ('orchestration_1773512253630940400', 'C:\\Users\\William\\Desktop\\Projects\\Genai_2026\\db\\langflow_agentic_runs\\run_5352_1773512144963\\b61c8a4e0c41cbfa6e8cebf6fc772a2c.webm');
INSERT INTO test_artifacts (run_id, artifact_path) VALUES ('orchestration_1773512253630940400', 'C:\\Users\\William\\Desktop\\Projects\\Genai_2026\\db\\langflow_agentic_runs\\run_5352_1773512144963\\final_1773512165342.png');
INSERT INTO test_artifacts (run_id, artifact_path) VALUES ('orchestration_1773512253630940400', 'C:\\Users\\William\\Desktop\\Projects\\Genai_2026\\db\\langflow_agentic_runs\\run_5352_1773512144963\\playwright_executor.generated.js');
INSERT INTO test_artifacts (run_id, artifact_path) VALUES ('orchestration_1773512253630940400', 'C:\\Users\\William\\Desktop\\Projects\\Genai_2026\\db\\langflow_agentic_runs\\run_5352_1773512144963\\request_parser.json');
INSERT INTO tests (id, project_id, title, objective, status, latest_version, created_at, updated_at) VALUES ('langflow_orchestration_1773513553587462100', 'genai_2026', 'Execute the CLI agentic loop for the Jungle project and verify the terminal output', 'Execute the CLI agentic loop for the Jungle project and verify the terminal output.', 'needs_changes', 1, '2026-03-14 18:49:28', '2026-03-14 18:49:28');
INSERT INTO test_versions (id, test_id, version_number, objective, notes, status, source_type, plan_json, created_at) VALUES ('langflow_orchestration_1773513553587462100_v1', 'langflow_orchestration_1773513553587462100', 1, 'Execute the CLI agentic loop for the Jungle project and verify the terminal output.', 'locator.waitFor: Timeout 10000ms exceeded.
Call log:
[2m  - waiting for locator(''#terminal-output'').first() to be visible[22m
', 'needs_changes', 'langflow_import', '{"objective":"Execute the CLI agentic loop for the Jungle project and verify the terminal output.","rationale":"The execution of the CLI agentic loop is essential for testing the functionality of the Jungle application in a terminal-only environment. This plan ensures that the application is running, the terminal is accessible, and the expected output is verified.","app_bootstrap":{"required":true,"reason":"The Jungle application needs to be started to execute the CLI agentic loop.","workspace":"C:\\\\Users\\\\William\\\\Desktop\\\\Projects\\\\Genai_2026","files":[],"install_command":"npm install","start_command":"npm run start","startup_timeout_ms":30000},"steps":[{"action":"goto","target":"http://127.0.0.1:8088"},{"action":"wait","duration_ms":10000},{"action":"assertVisible","target":"#terminal-output"},{"action":"screenshot","target":"terminal_output_screenshot.png"},{"action":"fill","target":"#terminal-input","value":"node Testing/cli_agentic_loop/run_cli_loop.js"},{"action":"wait","duration_ms":10000},{"action":"assertVisible","target":"#terminal-output"},{"action":"screenshot","target":"final_terminal_output_screenshot.png"}],"assertions":["The terminal output is visible after executing the CLI loop.","The terminal input field is accessible for command entry."],"success_criteria":["The Jungle application starts successfully without errors.","The CLI agentic loop executes and produces output in the terminal.","Screenshots of the terminal output are captured successfully."]}', '2026-03-14 18:49:28');
INSERT INTO test_runs (id, test_id, status, summary, video_path, source_file, created_at) VALUES ('orchestration_1773513553587462100', 'langflow_orchestration_1773513553587462100', 'fail', 'locator.waitFor: Timeout 10000ms exceeded.
Call log:
[2m  - waiting for locator(''#terminal-output'').first() to be visible[22m
', 'C:\\Users\\William\\Desktop\\Projects\\Genai_2026\\db\\langflow_agentic_runs\\run_4996_1773513453205\\18a03cda5a088813378667ce087336f7.webm', 'C:\\Users\\William\\Desktop\\Projects\\Genai_2026\\db\\langflow_agentic_runs\\orchestration_1773513553587462100.json', '2026-03-14 18:49:28');
INSERT INTO test_artifacts (run_id, artifact_path) VALUES ('orchestration_1773513553587462100', 'C:\\Users\\William\\Desktop\\Projects\\Genai_2026\\db\\langflow_agentic_runs\\run_4996_1773513453205\\18a03cda5a088813378667ce087336f7.webm');
INSERT INTO test_artifacts (run_id, artifact_path) VALUES ('orchestration_1773513553587462100', 'C:\\Users\\William\\Desktop\\Projects\\Genai_2026\\db\\langflow_agentic_runs\\run_4996_1773513453205\\final_1773513473599.png');
INSERT INTO test_artifacts (run_id, artifact_path) VALUES ('orchestration_1773513553587462100', 'C:\\Users\\William\\Desktop\\Projects\\Genai_2026\\db\\langflow_agentic_runs\\run_4996_1773513453205\\playwright_executor.generated.js');
INSERT INTO test_artifacts (run_id, artifact_path) VALUES ('orchestration_1773513553587462100', 'C:\\Users\\William\\Desktop\\Projects\\Genai_2026\\db\\langflow_agentic_runs\\run_4996_1773513453205\\request_parser.json');
INSERT INTO tests (id, project_id, title, objective, status, latest_version, created_at, updated_at) VALUES ('langflow_orchestration_1773513827847675800', 'genai_2026', 'Execute the CLI Codex feedback loop using Playwright to verify the Jungle application functional', 'Execute the CLI Codex feedback loop using Playwright to verify the Jungle application functionality.', 'needs_changes', 1, '2026-03-14 18:49:28', '2026-03-14 18:49:28');
INSERT INTO test_versions (id, test_id, version_number, objective, notes, status, source_type, plan_json, created_at) VALUES ('langflow_orchestration_1773513827847675800_v1', 'langflow_orchestration_1773513827847675800', 1, 'Execute the CLI Codex feedback loop using Playwright to verify the Jungle application functionality.', 'locator.waitFor: Timeout 10000ms exceeded.
Call log:
[2m  - waiting for locator(''#session-status'').first() to be visible[22m
', 'needs_changes', 'langflow_import', '{"objective":"Execute the CLI Codex feedback loop using Playwright to verify the Jungle application functionality.","rationale":"The execution plan aims to automate the testing of the Jungle application in a terminal-only environment, ensuring that the CLI interactions function correctly without requiring UI interactions. This is crucial for validating the feedback loop process in the CLI context.","app_bootstrap":{"required":true,"reason":"The Jungle application needs to be started to perform the testing.","workspace":"C:\\\\Users\\\\William\\\\Desktop\\\\Projects\\\\Genai_2026","files":[],"install_command":"npm install","start_command":"npm run start","startup_timeout_ms":30000},"steps":[{"action":"goto","target":"http://127.0.0.1:8088"},{"action":"wait","target":10000},{"action":"assertVisible","target":"#session-status"},{"action":"screenshot","target":"screenshot_after_startup.png"},{"action":"fill","target":"#terminal-input","value":"node Testing/cli_agentic_loop/run_cli_loop.js"},{"action":"wait","target":10000},{"action":"screenshot","target":"screenshot_after_cli_loop.png"}],"assertions":["The session status is visible and indicates that the terminal is ready.","The CLI loop command executes without errors."],"success_criteria":["The Jungle application starts successfully and is accessible at the target URL.","The terminal input is filled correctly and the command executes as expected.","Screenshots are captured at the appropriate stages of the execution."]}', '2026-03-14 18:49:28');
INSERT INTO test_runs (id, test_id, status, summary, video_path, source_file, created_at) VALUES ('orchestration_1773513827847675800', 'langflow_orchestration_1773513827847675800', 'fail', 'locator.waitFor: Timeout 10000ms exceeded.
Call log:
[2m  - waiting for locator(''#session-status'').first() to be visible[22m
', 'C:\\Users\\William\\Desktop\\Projects\\Genai_2026\\db\\langflow_agentic_runs\\run_35520_1773513724730\\2db17330c810dabc8f8c9a468f61857b.webm', 'C:\\Users\\William\\Desktop\\Projects\\Genai_2026\\db\\langflow_agentic_runs\\orchestration_1773513827847675800.json', '2026-03-14 18:49:28');
INSERT INTO test_artifacts (run_id, artifact_path) VALUES ('orchestration_1773513827847675800', 'C:\\Users\\William\\Desktop\\Projects\\Genai_2026\\db\\langflow_agentic_runs\\run_35520_1773513724730\\2db17330c810dabc8f8c9a468f61857b.webm');
INSERT INTO test_artifacts (run_id, artifact_path) VALUES ('orchestration_1773513827847675800', 'C:\\Users\\William\\Desktop\\Projects\\Genai_2026\\db\\langflow_agentic_runs\\run_35520_1773513724730\\final_1773513745103.png');
INSERT INTO test_artifacts (run_id, artifact_path) VALUES ('orchestration_1773513827847675800', 'C:\\Users\\William\\Desktop\\Projects\\Genai_2026\\db\\langflow_agentic_runs\\run_35520_1773513724730\\playwright_executor.generated.js');
INSERT INTO test_artifacts (run_id, artifact_path) VALUES ('orchestration_1773513827847675800', 'C:\\Users\\William\\Desktop\\Projects\\Genai_2026\\db\\langflow_agentic_runs\\run_35520_1773513724730\\request_parser.json');
INSERT INTO tests (id, project_id, title, objective, status, latest_version, created_at, updated_at) VALUES ('langflow_orchestration_1773514033050390200', 'genai_2026', 'Execute the CLI agentic loop for feedback iteration 3 in the Jungle application', 'Execute the CLI agentic loop for feedback iteration 3 in the Jungle application.', 'needs_changes', 1, '2026-03-14 18:49:28', '2026-03-14 18:49:28');
INSERT INTO test_versions (id, test_id, version_number, objective, notes, status, source_type, plan_json, created_at) VALUES ('langflow_orchestration_1773514033050390200_v1', 'langflow_orchestration_1773514033050390200', 1, 'Execute the CLI agentic loop for feedback iteration 3 in the Jungle application.', 'locator.waitFor: Timeout 10000ms exceeded.
Call log:
[2m  - waiting for locator(''#session-status'').first() to be visible[22m
', 'needs_changes', 'langflow_import', '{"objective":"Execute the CLI agentic loop for feedback iteration 3 in the Jungle application.","rationale":"The CLI agentic loop is essential for testing the feedback loop functionality of the Jungle application. This execution plan ensures that the necessary environment is set up and that the application is running correctly before executing the loop.","app_bootstrap":{"required":true,"reason":"The Jungle application needs to be started to execute the CLI agentic loop.","workspace":"C:\\\\Users\\\\William\\\\Desktop\\\\Projects\\\\Genai_2026","files":[],"install_command":"npm install","start_command":"npm run start","startup_timeout_ms":30000},"steps":[{"action":"goto","target":"http://127.0.0.1:8088"},{"action":"wait","target":10000},{"action":"assertVisible","target":"#session-status"},{"action":"screenshot","target":"screenshot_before_loop.png"},{"action":"fill","target":"#terminal-input","value":"node Testing/cli_agentic_loop/run_cli_loop.js"},{"action":"wait","target":10000},{"action":"screenshot","target":"screenshot_after_loop.png"}],"assertions":["The session status is visible and indicates that the terminal is ready.","The CLI agentic loop runs without errors."],"success_criteria":["The Jungle application starts successfully.","The CLI agentic loop executes without issues.","Screenshots are captured before and after the loop execution."]}', '2026-03-14 18:49:28');
INSERT INTO test_runs (id, test_id, status, summary, video_path, source_file, created_at) VALUES ('orchestration_1773514033050390200', 'langflow_orchestration_1773514033050390200', 'fail', 'locator.waitFor: Timeout 10000ms exceeded.
Call log:
[2m  - waiting for locator(''#session-status'').first() to be visible[22m
', 'C:\\Users\\William\\Desktop\\Projects\\Genai_2026\\db\\langflow_agentic_runs\\run_32140_1773513928919\\ca66c931610daeddf80518a8f2671366.webm', 'C:\\Users\\William\\Desktop\\Projects\\Genai_2026\\db\\langflow_agentic_runs\\orchestration_1773514033050390200.json', '2026-03-14 18:49:28');
INSERT INTO test_artifacts (run_id, artifact_path) VALUES ('orchestration_1773514033050390200', 'C:\\Users\\William\\Desktop\\Projects\\Genai_2026\\db\\langflow_agentic_runs\\run_32140_1773513928919\\ca66c931610daeddf80518a8f2671366.webm');
INSERT INTO test_artifacts (run_id, artifact_path) VALUES ('orchestration_1773514033050390200', 'C:\\Users\\William\\Desktop\\Projects\\Genai_2026\\db\\langflow_agentic_runs\\run_32140_1773513928919\\final_1773513949302.png');
INSERT INTO test_artifacts (run_id, artifact_path) VALUES ('orchestration_1773514033050390200', 'C:\\Users\\William\\Desktop\\Projects\\Genai_2026\\db\\langflow_agentic_runs\\run_32140_1773513928919\\playwright_executor.generated.js');
INSERT INTO test_artifacts (run_id, artifact_path) VALUES ('orchestration_1773514033050390200', 'C:\\Users\\William\\Desktop\\Projects\\Genai_2026\\db\\langflow_agentic_runs\\run_32140_1773513928919\\request_parser.json');
INSERT INTO tests (id, project_id, title, objective, status, latest_version, created_at, updated_at) VALUES ('langflow_orchestration_1773509106047886300', 'genai_2026', 'Observe rotating-square ball animation and identify critical defects', 'Observe rotating-square ball animation and identify critical defects.', 'approved', 1, '2026-03-14 18:49:28', '2026-03-14 18:49:28');
INSERT INTO test_versions (id, test_id, version_number, objective, notes, status, source_type, plan_json, created_at) VALUES ('langflow_orchestration_1773509106047886300_v1', 'langflow_orchestration_1773509106047886300', 1, 'Observe rotating-square ball animation and identify critical defects.', 'Procedure executed successfully.', 'approved', 'langflow_import', '{"objective":"Observe rotating-square ball animation and identify critical defects.","rationale":"Fallback deterministic plan based on environment snapshot.","steps":[{"action":"goto","target":"http://127.0.0.1:8088"},{"action":"assertVisible","target":"body"},{"action":"wait","target":"time","value":10000},{"action":"scrollPage","target":"down"},{"action":"screenshot","target":"fullPage"}],"assertions":["Page renders","No fatal runtime errors during observation window"],"success_criteria":["Execution completes","Video artifact exists"]}', '2026-03-14 18:49:28');
INSERT INTO test_runs (id, test_id, status, summary, video_path, source_file, created_at) VALUES ('orchestration_1773509106047886300', 'langflow_orchestration_1773509106047886300', 'pass', 'Procedure executed successfully.', 'C:\\Users\\William\\Desktop\\Projects\\Genai_2026\\db\\langflow_agentic_runs\\run_29888_1773509095200\\8492e97de0da56364d372eddbb0e452a.webm', 'C:\\Users\\William\\Desktop\\Projects\\Genai_2026\\db\\langflow_agentic_runs\\orchestration_1773509106047886300.json', '2026-03-14 18:49:28');
INSERT INTO test_artifacts (run_id, artifact_path) VALUES ('orchestration_1773509106047886300', 'C:\\Users\\William\\Desktop\\Projects\\Genai_2026\\db\\langflow_agentic_runs\\run_29888_1773509095200\\8492e97de0da56364d372eddbb0e452a.webm');
INSERT INTO test_artifacts (run_id, artifact_path) VALUES ('orchestration_1773509106047886300', 'C:\\Users\\William\\Desktop\\Projects\\Genai_2026\\db\\langflow_agentic_runs\\run_29888_1773509095200\\final_1773509105725.png');
INSERT INTO test_artifacts (run_id, artifact_path) VALUES ('orchestration_1773509106047886300', 'C:\\Users\\William\\Desktop\\Projects\\Genai_2026\\db\\langflow_agentic_runs\\run_29888_1773509095200\\playwright_executor.generated.js');
INSERT INTO test_artifacts (run_id, artifact_path) VALUES ('orchestration_1773509106047886300', 'C:\\Users\\William\\Desktop\\Projects\\Genai_2026\\db\\langflow_agentic_runs\\run_29888_1773509095200\\request_parser.json');
INSERT INTO test_artifacts (run_id, artifact_path) VALUES ('orchestration_1773509106047886300', 'C:\\Users\\William\\Desktop\\Projects\\Genai_2026\\db\\langflow_agentic_runs\\run_29888_1773509095200\\step_1773509105587.png');
INSERT INTO tests (id, project_id, title, objective, status, latest_version, created_at, updated_at) VALUES ('langflow_orchestration_1773509297965357000', 'genai_2026', 'Observe rotating-square ball animation and identify critical defects', 'Observe rotating-square ball animation and identify critical defects.', 'approved', 1, '2026-03-14 18:49:28', '2026-03-14 18:49:28');
INSERT INTO test_versions (id, test_id, version_number, objective, notes, status, source_type, plan_json, created_at) VALUES ('langflow_orchestration_1773509297965357000_v1', 'langflow_orchestration_1773509297965357000', 1, 'Observe rotating-square ball animation and identify critical defects.', 'Procedure executed successfully.', 'approved', 'langflow_import', '{"objective":"Observe rotating-square ball animation and identify critical defects.","rationale":"Fallback deterministic plan based on environment snapshot.","steps":[{"action":"goto","target":"http://127.0.0.1:8088"},{"action":"assertVisible","target":"body"},{"action":"wait","target":"time","value":10000},{"action":"scrollPage","target":"down"},{"action":"screenshot","target":"fullPage"}],"assertions":["Page renders","No fatal runtime errors during observation window"],"success_criteria":["Execution completes","Video artifact exists"]}', '2026-03-14 18:49:28');
INSERT INTO test_runs (id, test_id, status, summary, video_path, source_file, created_at) VALUES ('orchestration_1773509297965357000', 'langflow_orchestration_1773509297965357000', 'pass', 'Procedure executed successfully.', 'C:\\Users\\William\\Desktop\\Projects\\Genai_2026\\db\\langflow_agentic_runs\\run_26308_1773509287066\\eeacfb6459c20a371a87e9580bdfd877.webm', 'C:\\Users\\William\\Desktop\\Projects\\Genai_2026\\db\\langflow_agentic_runs\\orchestration_1773509297965357000.json', '2026-03-14 18:49:28');
INSERT INTO test_artifacts (run_id, artifact_path) VALUES ('orchestration_1773509297965357000', 'C:\\Users\\William\\Desktop\\Projects\\Genai_2026\\db\\langflow_agentic_runs\\run_26308_1773509287066\\eeacfb6459c20a371a87e9580bdfd877.webm');
INSERT INTO test_artifacts (run_id, artifact_path) VALUES ('orchestration_1773509297965357000', 'C:\\Users\\William\\Desktop\\Projects\\Genai_2026\\db\\langflow_agentic_runs\\run_26308_1773509287066\\final_1773509297604.png');
INSERT INTO test_artifacts (run_id, artifact_path) VALUES ('orchestration_1773509297965357000', 'C:\\Users\\William\\Desktop\\Projects\\Genai_2026\\db\\langflow_agentic_runs\\run_26308_1773509287066\\playwright_executor.generated.js');
INSERT INTO test_artifacts (run_id, artifact_path) VALUES ('orchestration_1773509297965357000', 'C:\\Users\\William\\Desktop\\Projects\\Genai_2026\\db\\langflow_agentic_runs\\run_26308_1773509287066\\request_parser.json');
INSERT INTO test_artifacts (run_id, artifact_path) VALUES ('orchestration_1773509297965357000', 'C:\\Users\\William\\Desktop\\Projects\\Genai_2026\\db\\langflow_agentic_runs\\run_26308_1773509287066\\step_1773509297463.png');
INSERT INTO tests (id, project_id, title, objective, status, latest_version, created_at, updated_at) VALUES ('langflow_orchestration_1773509376510742500', 'genai_2026', 'Observe rotating-square ball animation and identify critical defects', 'Observe rotating-square ball animation and identify critical defects.', 'approved', 1, '2026-03-14 18:49:28', '2026-03-14 18:49:28');
INSERT INTO test_versions (id, test_id, version_number, objective, notes, status, source_type, plan_json, created_at) VALUES ('langflow_orchestration_1773509376510742500_v1', 'langflow_orchestration_1773509376510742500', 1, 'Observe rotating-square ball animation and identify critical defects.', 'Procedure executed successfully.', 'approved', 'langflow_import', '{"objective":"Observe rotating-square ball animation and identify critical defects.","rationale":"Fallback deterministic plan based on environment snapshot.","steps":[{"action":"goto","target":"http://127.0.0.1:8088"},{"action":"assertVisible","target":"body"},{"action":"wait","target":"time","value":10000},{"action":"scrollPage","target":"down"},{"action":"screenshot","target":"fullPage"}],"assertions":["Page renders","No fatal runtime errors during observation window"],"success_criteria":["Execution completes","Video artifact exists"]}', '2026-03-14 18:49:28');
INSERT INTO test_runs (id, test_id, status, summary, video_path, source_file, created_at) VALUES ('orchestration_1773509376510742500', 'langflow_orchestration_1773509376510742500', 'pass', 'Procedure executed successfully.', 'C:\\Users\\William\\Desktop\\Projects\\Genai_2026\\db\\langflow_agentic_runs\\run_35704_1773509365564\\dfdf3beebf266092d80d0f2395e218be.webm', 'C:\\Users\\William\\Desktop\\Projects\\Genai_2026\\db\\langflow_agentic_runs\\orchestration_1773509376510742500.json', '2026-03-14 18:49:28');
INSERT INTO test_artifacts (run_id, artifact_path) VALUES ('orchestration_1773509376510742500', 'C:\\Users\\William\\Desktop\\Projects\\Genai_2026\\db\\langflow_agentic_runs\\run_35704_1773509365564\\dfdf3beebf266092d80d0f2395e218be.webm');
INSERT INTO test_artifacts (run_id, artifact_path) VALUES ('orchestration_1773509376510742500', 'C:\\Users\\William\\Desktop\\Projects\\Genai_2026\\db\\langflow_agentic_runs\\run_35704_1773509365564\\final_1773509376116.png');
INSERT INTO test_artifacts (run_id, artifact_path) VALUES ('orchestration_1773509376510742500', 'C:\\Users\\William\\Desktop\\Projects\\Genai_2026\\db\\langflow_agentic_runs\\run_35704_1773509365564\\playwright_executor.generated.js');
INSERT INTO test_artifacts (run_id, artifact_path) VALUES ('orchestration_1773509376510742500', 'C:\\Users\\William\\Desktop\\Projects\\Genai_2026\\db\\langflow_agentic_runs\\run_35704_1773509365564\\request_parser.json');
INSERT INTO test_artifacts (run_id, artifact_path) VALUES ('orchestration_1773509376510742500', 'C:\\Users\\William\\Desktop\\Projects\\Genai_2026\\db\\langflow_agentic_runs\\run_35704_1773509365564\\step_1773509375952.png');
INSERT INTO tests (id, project_id, title, objective, status, latest_version, created_at, updated_at) VALUES ('langflow_orchestration_1773509464655134100', 'genai_2026', 'Observe rotating-square ball animation and identify critical defects', 'Observe rotating-square ball animation and identify critical defects.', 'approved', 1, '2026-03-14 18:49:28', '2026-03-14 18:49:28');
INSERT INTO test_versions (id, test_id, version_number, objective, notes, status, source_type, plan_json, created_at) VALUES ('langflow_orchestration_1773509464655134100_v1', 'langflow_orchestration_1773509464655134100', 1, 'Observe rotating-square ball animation and identify critical defects.', 'Procedure executed successfully.', 'approved', 'langflow_import', '{"objective":"Observe rotating-square ball animation and identify critical defects.","rationale":"Fallback deterministic plan based on environment snapshot.","steps":[{"action":"goto","target":"http://127.0.0.1:8088"},{"action":"assertVisible","target":"body"},{"action":"wait","target":"time","value":10000},{"action":"scrollPage","target":"down"},{"action":"screenshot","target":"fullPage"}],"assertions":["Page renders","No fatal runtime errors during observation window"],"success_criteria":["Execution completes","Video artifact exists"]}', '2026-03-14 18:49:28');
INSERT INTO test_runs (id, test_id, status, summary, video_path, source_file, created_at) VALUES ('orchestration_1773509464655134100', 'langflow_orchestration_1773509464655134100', 'pass', 'Procedure executed successfully.', 'C:\\Users\\William\\Desktop\\Projects\\Genai_2026\\db\\langflow_agentic_runs\\run_21912_1773509453774\\da8c282230d12df9262abdaf54341cfd.webm', 'C:\\Users\\William\\Desktop\\Projects\\Genai_2026\\db\\langflow_agentic_runs\\orchestration_1773509464655134100.json', '2026-03-14 18:49:28');
INSERT INTO test_artifacts (run_id, artifact_path) VALUES ('orchestration_1773509464655134100', 'C:\\Users\\William\\Desktop\\Projects\\Genai_2026\\db\\langflow_agentic_runs\\run_21912_1773509453774\\da8c282230d12df9262abdaf54341cfd.webm');
INSERT INTO test_artifacts (run_id, artifact_path) VALUES ('orchestration_1773509464655134100', 'C:\\Users\\William\\Desktop\\Projects\\Genai_2026\\db\\langflow_agentic_runs\\run_21912_1773509453774\\final_1773509464297.png');
INSERT INTO test_artifacts (run_id, artifact_path) VALUES ('orchestration_1773509464655134100', 'C:\\Users\\William\\Desktop\\Projects\\Genai_2026\\db\\langflow_agentic_runs\\run_21912_1773509453774\\playwright_executor.generated.js');
INSERT INTO test_artifacts (run_id, artifact_path) VALUES ('orchestration_1773509464655134100', 'C:\\Users\\William\\Desktop\\Projects\\Genai_2026\\db\\langflow_agentic_runs\\run_21912_1773509453774\\request_parser.json');
INSERT INTO test_artifacts (run_id, artifact_path) VALUES ('orchestration_1773509464655134100', 'C:\\Users\\William\\Desktop\\Projects\\Genai_2026\\db\\langflow_agentic_runs\\run_21912_1773509453774\\step_1773509464169.png');
INSERT INTO tests (id, project_id, title, objective, status, latest_version, created_at, updated_at) VALUES ('langflow_orchestration_1773509558291815100', 'genai_2026', 'Observe rotating-square ball animation and identify critical defects', 'Observe rotating-square ball animation and identify critical defects.', 'approved', 1, '2026-03-14 18:49:28', '2026-03-14 18:49:28');
INSERT INTO test_versions (id, test_id, version_number, objective, notes, status, source_type, plan_json, created_at) VALUES ('langflow_orchestration_1773509558291815100_v1', 'langflow_orchestration_1773509558291815100', 1, 'Observe rotating-square ball animation and identify critical defects.', 'Procedure executed successfully.', 'approved', 'langflow_import', '{"objective":"Observe rotating-square ball animation and identify critical defects.","rationale":"Fallback deterministic plan based on environment snapshot.","steps":[{"action":"goto","target":"http://127.0.0.1:8088"},{"action":"assertVisible","target":"body"},{"action":"wait","target":"time","value":10000},{"action":"scrollPage","target":"down"},{"action":"screenshot","target":"fullPage"}],"assertions":["Page renders","No fatal runtime errors during observation window"],"success_criteria":["Execution completes","Video artifact exists"]}', '2026-03-14 18:49:28');
INSERT INTO test_runs (id, test_id, status, summary, video_path, source_file, created_at) VALUES ('orchestration_1773509558291815100', 'langflow_orchestration_1773509558291815100', 'pass', 'Procedure executed successfully.', 'C:\\Users\\William\\Desktop\\Projects\\Genai_2026\\db\\langflow_agentic_runs\\run_24772_1773509547326\\cb051341b883cb3b23c286e6cd696742.webm', 'C:\\Users\\William\\Desktop\\Projects\\Genai_2026\\db\\langflow_agentic_runs\\orchestration_1773509558291815100.json', '2026-03-14 18:49:28');
INSERT INTO test_artifacts (run_id, artifact_path) VALUES ('orchestration_1773509558291815100', 'C:\\Users\\William\\Desktop\\Projects\\Genai_2026\\db\\langflow_agentic_runs\\run_24772_1773509547326\\cb051341b883cb3b23c286e6cd696742.webm');
INSERT INTO test_artifacts (run_id, artifact_path) VALUES ('orchestration_1773509558291815100', 'C:\\Users\\William\\Desktop\\Projects\\Genai_2026\\db\\langflow_agentic_runs\\run_24772_1773509547326\\final_1773509557877.png');
INSERT INTO test_artifacts (run_id, artifact_path) VALUES ('orchestration_1773509558291815100', 'C:\\Users\\William\\Desktop\\Projects\\Genai_2026\\db\\langflow_agentic_runs\\run_24772_1773509547326\\playwright_executor.generated.js');
INSERT INTO test_artifacts (run_id, artifact_path) VALUES ('orchestration_1773509558291815100', 'C:\\Users\\William\\Desktop\\Projects\\Genai_2026\\db\\langflow_agentic_runs\\run_24772_1773509547326\\request_parser.json');
INSERT INTO test_artifacts (run_id, artifact_path) VALUES ('orchestration_1773509558291815100', 'C:\\Users\\William\\Desktop\\Projects\\Genai_2026\\db\\langflow_agentic_runs\\run_24772_1773509547326\\step_1773509557719.png');
INSERT INTO tests (id, project_id, title, objective, status, latest_version, created_at, updated_at) VALUES ('langflow_orchestration_1773509657871954300', 'genai_2026', 'Observe rotating-square ball animation and identify critical defects', 'Observe rotating-square ball animation and identify critical defects.', 'approved', 1, '2026-03-14 18:49:28', '2026-03-14 18:49:28');
INSERT INTO test_versions (id, test_id, version_number, objective, notes, status, source_type, plan_json, created_at) VALUES ('langflow_orchestration_1773509657871954300_v1', 'langflow_orchestration_1773509657871954300', 1, 'Observe rotating-square ball animation and identify critical defects.', 'Procedure executed successfully.', 'approved', 'langflow_import', '{"objective":"Observe rotating-square ball animation and identify critical defects.","rationale":"Fallback deterministic plan based on environment snapshot.","steps":[{"action":"goto","target":"http://127.0.0.1:8088"},{"action":"assertVisible","target":"body"},{"action":"wait","target":"time","value":10000},{"action":"scrollPage","target":"down"},{"action":"screenshot","target":"fullPage"}],"assertions":["Page renders","No fatal runtime errors during observation window"],"success_criteria":["Execution completes","Video artifact exists"]}', '2026-03-14 18:49:28');
INSERT INTO test_runs (id, test_id, status, summary, video_path, source_file, created_at) VALUES ('orchestration_1773509657871954300', 'langflow_orchestration_1773509657871954300', 'pass', 'Procedure executed successfully.', 'C:\\Users\\William\\Desktop\\Projects\\Genai_2026\\db\\langflow_agentic_runs\\run_1452_1773509647041\\4c38cd5ca7a5342ac616fdf645786cf7.webm', 'C:\\Users\\William\\Desktop\\Projects\\Genai_2026\\db\\langflow_agentic_runs\\orchestration_1773509657871954300.json', '2026-03-14 18:49:28');
INSERT INTO test_artifacts (run_id, artifact_path) VALUES ('orchestration_1773509657871954300', 'C:\\Users\\William\\Desktop\\Projects\\Genai_2026\\db\\langflow_agentic_runs\\run_1452_1773509647041\\4c38cd5ca7a5342ac616fdf645786cf7.webm');
INSERT INTO test_artifacts (run_id, artifact_path) VALUES ('orchestration_1773509657871954300', 'C:\\Users\\William\\Desktop\\Projects\\Genai_2026\\db\\langflow_agentic_runs\\run_1452_1773509647041\\final_1773509657552.png');
INSERT INTO test_artifacts (run_id, artifact_path) VALUES ('orchestration_1773509657871954300', 'C:\\Users\\William\\Desktop\\Projects\\Genai_2026\\db\\langflow_agentic_runs\\run_1452_1773509647041\\playwright_executor.generated.js');
INSERT INTO test_artifacts (run_id, artifact_path) VALUES ('orchestration_1773509657871954300', 'C:\\Users\\William\\Desktop\\Projects\\Genai_2026\\db\\langflow_agentic_runs\\run_1452_1773509647041\\request_parser.json');
INSERT INTO test_artifacts (run_id, artifact_path) VALUES ('orchestration_1773509657871954300', 'C:\\Users\\William\\Desktop\\Projects\\Genai_2026\\db\\langflow_agentic_runs\\run_1452_1773509647041\\step_1773509657416.png');
INSERT INTO tests (id, project_id, title, objective, status, latest_version, created_at, updated_at) VALUES ('langflow_orchestration_1773509721803055200', 'genai_2026', 'Observe rotating-square ball animation and identify critical defects', 'Observe rotating-square ball animation and identify critical defects.', 'approved', 1, '2026-03-14 18:49:28', '2026-03-14 18:49:28');
INSERT INTO test_versions (id, test_id, version_number, objective, notes, status, source_type, plan_json, created_at) VALUES ('langflow_orchestration_1773509721803055200_v1', 'langflow_orchestration_1773509721803055200', 1, 'Observe rotating-square ball animation and identify critical defects.', 'Procedure executed successfully.', 'approved', 'langflow_import', '{"objective":"Observe rotating-square ball animation and identify critical defects.","rationale":"Fallback deterministic plan based on environment snapshot.","steps":[{"action":"goto","target":"http://127.0.0.1:8088"},{"action":"assertVisible","target":"body"},{"action":"wait","target":"time","value":10000},{"action":"scrollPage","target":"down"},{"action":"screenshot","target":"fullPage"}],"assertions":["Page renders","No fatal runtime errors during observation window"],"success_criteria":["Execution completes","Video artifact exists"]}', '2026-03-14 18:49:28');
INSERT INTO test_runs (id, test_id, status, summary, video_path, source_file, created_at) VALUES ('orchestration_1773509721803055200', 'langflow_orchestration_1773509721803055200', 'pass', 'Procedure executed successfully.', 'C:\\Users\\William\\Desktop\\Projects\\Genai_2026\\db\\langflow_agentic_runs\\run_35124_1773509710910\\cc29d6ac14d1a5c22a64deb1bf6f070d.webm', 'C:\\Users\\William\\Desktop\\Projects\\Genai_2026\\db\\langflow_agentic_runs\\orchestration_1773509721803055200.json', '2026-03-14 18:49:28');
INSERT INTO test_artifacts (run_id, artifact_path) VALUES ('orchestration_1773509721803055200', 'C:\\Users\\William\\Desktop\\Projects\\Genai_2026\\db\\langflow_agentic_runs\\run_35124_1773509710910\\cc29d6ac14d1a5c22a64deb1bf6f070d.webm');
INSERT INTO test_artifacts (run_id, artifact_path) VALUES ('orchestration_1773509721803055200', 'C:\\Users\\William\\Desktop\\Projects\\Genai_2026\\db\\langflow_agentic_runs\\run_35124_1773509710910\\final_1773509721447.png');
INSERT INTO test_artifacts (run_id, artifact_path) VALUES ('orchestration_1773509721803055200', 'C:\\Users\\William\\Desktop\\Projects\\Genai_2026\\db\\langflow_agentic_runs\\run_35124_1773509710910\\playwright_executor.generated.js');
INSERT INTO test_artifacts (run_id, artifact_path) VALUES ('orchestration_1773509721803055200', 'C:\\Users\\William\\Desktop\\Projects\\Genai_2026\\db\\langflow_agentic_runs\\run_35124_1773509710910\\request_parser.json');
INSERT INTO test_artifacts (run_id, artifact_path) VALUES ('orchestration_1773509721803055200', 'C:\\Users\\William\\Desktop\\Projects\\Genai_2026\\db\\langflow_agentic_runs\\run_35124_1773509710910\\step_1773509721317.png');
INSERT INTO tests (id, project_id, title, objective, status, latest_version, created_at, updated_at) VALUES ('langflow_orchestration_1773509884075385600', 'genai_2026', 'Observe rotating-square ball animation and identify critical defects', 'Observe rotating-square ball animation and identify critical defects.', 'needs_changes', 1, '2026-03-14 18:49:28', '2026-03-14 18:49:28');
INSERT INTO test_versions (id, test_id, version_number, objective, notes, status, source_type, plan_json, created_at) VALUES ('langflow_orchestration_1773509884075385600_v1', 'langflow_orchestration_1773509884075385600', 1, 'Observe rotating-square ball animation and identify critical defects.', 'locator.waitFor: Timeout 10000ms exceeded.
Call log:
[2m  - waiting for locator(''selector-for-rotating-square-ball'').first() to be visible[22m
', 'needs_changes', 'langflow_import', '{"objective":"Observe rotating-square ball animation and identify critical defects.","rationale":"The goal is to passively observe the animation without interacting destructively with the page, ensuring that any defects can be noted without altering the state of the application.","steps":[{"action":"goto","target":"http://127.0.0.1:8088"},{"action":"assertVisible","target":"selector-for-rotating-square-ball"},{"action":"wait","target":"10000"},{"action":"screenshot","target":"animation_observation.png"}],"assertions":["The rotating-square ball animation is visible.","The animation runs smoothly without any noticeable defects."],"success_criteria":["The animation is observed for at least 10 seconds.","A screenshot of the animation is captured.","No defects are identified during the observation period."]}', '2026-03-14 18:49:28');
INSERT INTO test_runs (id, test_id, status, summary, video_path, source_file, created_at) VALUES ('orchestration_1773509884075385600', 'langflow_orchestration_1773509884075385600', 'fail', 'locator.waitFor: Timeout 10000ms exceeded.
Call log:
[2m  - waiting for locator(''selector-for-rotating-square-ball'').first() to be visible[22m
', 'C:\\Users\\William\\Desktop\\Projects\\Genai_2026\\db\\langflow_agentic_runs\\run_35780_1773509872828\\374c307a6aa706d81743ce06bbd09829.webm', 'C:\\Users\\William\\Desktop\\Projects\\Genai_2026\\db\\langflow_agentic_runs\\orchestration_1773509884075385600.json', '2026-03-14 18:49:28');
INSERT INTO test_artifacts (run_id, artifact_path) VALUES ('orchestration_1773509884075385600', 'C:\\Users\\William\\Desktop\\Projects\\Genai_2026\\db\\langflow_agentic_runs\\run_35780_1773509872828\\374c307a6aa706d81743ce06bbd09829.webm');
INSERT INTO test_artifacts (run_id, artifact_path) VALUES ('orchestration_1773509884075385600', 'C:\\Users\\William\\Desktop\\Projects\\Genai_2026\\db\\langflow_agentic_runs\\run_35780_1773509872828\\final_1773509883213.png');
INSERT INTO test_artifacts (run_id, artifact_path) VALUES ('orchestration_1773509884075385600', 'C:\\Users\\William\\Desktop\\Projects\\Genai_2026\\db\\langflow_agentic_runs\\run_35780_1773509872828\\playwright_executor.generated.js');
INSERT INTO test_artifacts (run_id, artifact_path) VALUES ('orchestration_1773509884075385600', 'C:\\Users\\William\\Desktop\\Projects\\Genai_2026\\db\\langflow_agentic_runs\\run_35780_1773509872828\\request_parser.json');
INSERT INTO tests (id, project_id, title, objective, status, latest_version, created_at, updated_at) VALUES ('langflow_orchestration_1773509919293661400', 'genai_2026', 'Observe rotating-square ball animation and identify critical defects', 'Observe rotating-square ball animation and identify critical defects.', 'needs_changes', 1, '2026-03-14 18:49:28', '2026-03-14 18:49:28');
INSERT INTO test_versions (id, test_id, version_number, objective, notes, status, source_type, plan_json, created_at) VALUES ('langflow_orchestration_1773509919293661400_v1', 'langflow_orchestration_1773509919293661400', 1, 'Observe rotating-square ball animation and identify critical defects.', 'locator.waitFor: Timeout 10000ms exceeded.
Call log:
[2m  - waiting for locator(''selector-for-rotating-square-ball'').first() to be visible[22m
', 'needs_changes', 'langflow_import', '{"objective":"Observe rotating-square ball animation and identify critical defects.","rationale":"The goal is to passively observe the animation without interacting destructively with the page, ensuring that any defects can be accurately identified while capturing the animation in a video format.","steps":[{"action":"goto","target":"http://127.0.0.1:8088"},{"action":"assertVisible","target":"selector-for-rotating-square-ball"},{"action":"wait","target":"10000"},{"action":"screenshot","target":"final_animation_observation.png"}],"assertions":["The rotating-square ball animation is visible on the page."],"success_criteria":["The animation is observed for at least 10 seconds.","A screenshot of the animation is captured."]}', '2026-03-14 18:49:28');
INSERT INTO test_runs (id, test_id, status, summary, video_path, source_file, created_at) VALUES ('orchestration_1773509919293661400', 'langflow_orchestration_1773509919293661400', 'fail', 'locator.waitFor: Timeout 10000ms exceeded.
Call log:
[2m  - waiting for locator(''selector-for-rotating-square-ball'').first() to be visible[22m
', 'C:\\Users\\William\\Desktop\\Projects\\Genai_2026\\db\\langflow_agentic_runs\\run_32692_1773509908155\\076716a69e5621fab97e1302f121552d.webm', 'C:\\Users\\William\\Desktop\\Projects\\Genai_2026\\db\\langflow_agentic_runs\\orchestration_1773509919293661400.json', '2026-03-14 18:49:28');
INSERT INTO test_artifacts (run_id, artifact_path) VALUES ('orchestration_1773509919293661400', 'C:\\Users\\William\\Desktop\\Projects\\Genai_2026\\db\\langflow_agentic_runs\\run_32692_1773509908155\\076716a69e5621fab97e1302f121552d.webm');
INSERT INTO test_artifacts (run_id, artifact_path) VALUES ('orchestration_1773509919293661400', 'C:\\Users\\William\\Desktop\\Projects\\Genai_2026\\db\\langflow_agentic_runs\\run_32692_1773509908155\\final_1773509918509.png');
INSERT INTO test_artifacts (run_id, artifact_path) VALUES ('orchestration_1773509919293661400', 'C:\\Users\\William\\Desktop\\Projects\\Genai_2026\\db\\langflow_agentic_runs\\run_32692_1773509908155\\playwright_executor.generated.js');
INSERT INTO test_artifacts (run_id, artifact_path) VALUES ('orchestration_1773509919293661400', 'C:\\Users\\William\\Desktop\\Projects\\Genai_2026\\db\\langflow_agentic_runs\\run_32692_1773509908155\\request_parser.json');
INSERT INTO tests (id, project_id, title, objective, status, latest_version, created_at, updated_at) VALUES ('langflow_orchestration_1773510084501702500', 'genai_2026', 'Observe rotating-square ball animation and identify critical defects', 'Observe rotating-square ball animation and identify critical defects.', 'needs_changes', 1, '2026-03-14 18:49:28', '2026-03-14 18:49:28');
INSERT INTO test_versions (id, test_id, version_number, objective, notes, status, source_type, plan_json, created_at) VALUES ('langflow_orchestration_1773510084501702500_v1', 'langflow_orchestration_1773510084501702500', 1, 'Observe rotating-square ball animation and identify critical defects.', 'locator.waitFor: Timeout 10000ms exceeded.
Call log:
[2m  - waiting for locator(''selector-for-rotating-square-ball'').first() to be visible[22m
', 'needs_changes', 'langflow_import', '{"objective":"Observe rotating-square ball animation and identify critical defects.","rationale":"The goal is to passively observe the animation without interacting destructively with the page. This will help in identifying any defects in the animation while ensuring that the environment remains stable.","steps":[{"action":"goto","target":"http://127.0.0.1:8088"},{"action":"assertVisible","target":"selector-for-rotating-square-ball"},{"action":"wait","target":15000},{"action":"screenshot","target":"animation_observation_screenshot.png"}],"assertions":["The rotating-square ball animation is visible on the page."],"success_criteria":["The animation is observed for at least 15 seconds.","A screenshot of the animation is captured."]}', '2026-03-14 18:49:28');
INSERT INTO test_runs (id, test_id, status, summary, video_path, source_file, created_at) VALUES ('orchestration_1773510084501702500', 'langflow_orchestration_1773510084501702500', 'fail', 'locator.waitFor: Timeout 10000ms exceeded.
Call log:
[2m  - waiting for locator(''selector-for-rotating-square-ball'').first() to be visible[22m
', 'C:\\Users\\William\\Desktop\\Projects\\Genai_2026\\db\\langflow_agentic_runs\\run_13944_1773510002977\\4cba836584b80080acb51932dd49619d.webm', 'C:\\Users\\William\\Desktop\\Projects\\Genai_2026\\db\\langflow_agentic_runs\\orchestration_1773510084501702500.json', '2026-03-14 18:49:28');
INSERT INTO test_artifacts (run_id, artifact_path) VALUES ('orchestration_1773510084501702500', 'C:\\Users\\William\\Desktop\\Projects\\Genai_2026\\db\\langflow_agentic_runs\\run_13944_1773510002977\\4cba836584b80080acb51932dd49619d.webm');
INSERT INTO test_artifacts (run_id, artifact_path) VALUES ('orchestration_1773510084501702500', 'C:\\Users\\William\\Desktop\\Projects\\Genai_2026\\db\\langflow_agentic_runs\\run_13944_1773510002977\\final_1773510013339.png');
INSERT INTO test_artifacts (run_id, artifact_path) VALUES ('orchestration_1773510084501702500', 'C:\\Users\\William\\Desktop\\Projects\\Genai_2026\\db\\langflow_agentic_runs\\run_13944_1773510002977\\playwright_executor.generated.js');
INSERT INTO test_artifacts (run_id, artifact_path) VALUES ('orchestration_1773510084501702500', 'C:\\Users\\William\\Desktop\\Projects\\Genai_2026\\db\\langflow_agentic_runs\\run_13944_1773510002977\\request_parser.json');
INSERT INTO tests (id, project_id, title, objective, status, latest_version, created_at, updated_at) VALUES ('langflow_orchestration_1773511691343474200', 'genai_2026', 'Perform a smoke check on the CLI loop of the Jungle project', 'Perform a smoke check on the CLI loop of the Jungle project.', 'needs_changes', 1, '2026-03-14 18:49:28', '2026-03-14 18:49:28');
INSERT INTO test_versions (id, test_id, version_number, objective, notes, status, source_type, plan_json, created_at) VALUES ('langflow_orchestration_1773511691343474200_v1', 'langflow_orchestration_1773511691343474200', 1, 'Perform a smoke check on the CLI loop of the Jungle project.', 'locator.waitFor: Timeout 10000ms exceeded.
Call log:
[2m  - waiting for locator(''#terminal-output'').first() to be visible[22m
', 'needs_changes', 'langflow_import', '{"objective":"Perform a smoke check on the CLI loop of the Jungle project.","rationale":"To ensure that the CLI loop operates correctly without any UI interaction, verifying the expected outputs and behaviors through terminal commands.","steps":[{"action":"goto","target":"http://127.0.0.1:8088"},{"action":"wait","target":10000},{"action":"assertVisible","target":"#terminal-output"},{"action":"captureText","target":"#terminal-output"},{"action":"screenshot","target":"final_screenshot.png"},{"action":"fill","target":"#terminal-input","value":"node Testing/cli_agentic_loop/run_cli_loop.js"},{"action":"wait","target":10000},{"action":"assertChanged","target":"#terminal-output"},{"action":"screenshot","target":"final_output_screenshot.png"}],"assertions":["The terminal output is visible.","The terminal output changes after running the CLI loop."],"success_criteria":["The CLI loop runs without errors.","The terminal output reflects the expected results of the CLI commands.","Screenshots are captured successfully."]}', '2026-03-14 18:49:28');
INSERT INTO test_runs (id, test_id, status, summary, video_path, source_file, created_at) VALUES ('orchestration_1773511691343474200', 'langflow_orchestration_1773511691343474200', 'fail', 'locator.waitFor: Timeout 10000ms exceeded.
Call log:
[2m  - waiting for locator(''#terminal-output'').first() to be visible[22m
', 'C:\\Users\\William\\Desktop\\Projects\\Genai_2026\\db\\langflow_agentic_runs\\run_4608_1773511595039\\189daf2f6f64389297b4f532d172e985.webm', 'C:\\Users\\William\\Desktop\\Projects\\Genai_2026\\db\\langflow_agentic_runs\\orchestration_1773511691343474200.json', '2026-03-14 18:49:28');
INSERT INTO test_artifacts (run_id, artifact_path) VALUES ('orchestration_1773511691343474200', 'C:\\Users\\William\\Desktop\\Projects\\Genai_2026\\db\\langflow_agentic_runs\\run_4608_1773511595039\\189daf2f6f64389297b4f532d172e985.webm');
INSERT INTO test_artifacts (run_id, artifact_path) VALUES ('orchestration_1773511691343474200', 'C:\\Users\\William\\Desktop\\Projects\\Genai_2026\\db\\langflow_agentic_runs\\run_4608_1773511595039\\final_1773511615444.png');
INSERT INTO test_artifacts (run_id, artifact_path) VALUES ('orchestration_1773511691343474200', 'C:\\Users\\William\\Desktop\\Projects\\Genai_2026\\db\\langflow_agentic_runs\\run_4608_1773511595039\\playwright_executor.generated.js');
INSERT INTO test_artifacts (run_id, artifact_path) VALUES ('orchestration_1773511691343474200', 'C:\\Users\\William\\Desktop\\Projects\\Genai_2026\\db\\langflow_agentic_runs\\run_4608_1773511595039\\request_parser.json');
INSERT INTO tests (id, project_id, title, objective, status, latest_version, created_at, updated_at) VALUES ('langflow_orchestration_1773506124364690200', 'genai_2026', 'Observe rotating-square ball animation and identify critical defects', 'Observe rotating-square ball animation and identify critical defects.', 'approved', 1, '2026-03-14 18:49:28', '2026-03-14 18:49:28');
INSERT INTO test_versions (id, test_id, version_number, objective, notes, status, source_type, plan_json, created_at) VALUES ('langflow_orchestration_1773506124364690200_v1', 'langflow_orchestration_1773506124364690200', 1, 'Observe rotating-square ball animation and identify critical defects.', 'Procedure executed successfully.', 'approved', 'langflow_import', '{"objective":"Observe rotating-square ball animation and identify critical defects.","rationale":"Fallback deterministic plan based on environment snapshot.","steps":[{"action":"goto","target":"http://127.0.0.1:8088"},{"action":"assertVisible","target":"body"},{"action":"wait","target":"time","value":10000},{"action":"scrollPage","target":"down"},{"action":"screenshot","target":"fullPage"}],"assertions":["Page renders","No fatal runtime errors during observation window"],"success_criteria":["Execution completes","Video artifact exists"]}', '2026-03-14 18:49:28');
INSERT INTO test_runs (id, test_id, status, summary, video_path, source_file, created_at) VALUES ('orchestration_1773506124364690200', 'langflow_orchestration_1773506124364690200', 'pass', 'Procedure executed successfully.', 'C:\\Users\\William\\Desktop\\Projects\\Genai_2026\\db\\langflow_agentic_runs\\run_4908_1773506113472\\8940ea99c8efa502ef1e6837d8c1a9de.webm', 'C:\\Users\\William\\Desktop\\Projects\\Genai_2026\\db\\langflow_agentic_runs\\orchestration_1773506124364690200.json', '2026-03-14 18:49:28');
INSERT INTO test_artifacts (run_id, artifact_path) VALUES ('orchestration_1773506124364690200', 'C:\\Users\\William\\Desktop\\Projects\\Genai_2026\\db\\langflow_agentic_runs\\run_4908_1773506113472\\8940ea99c8efa502ef1e6837d8c1a9de.webm');
INSERT INTO test_artifacts (run_id, artifact_path) VALUES ('orchestration_1773506124364690200', 'C:\\Users\\William\\Desktop\\Projects\\Genai_2026\\db\\langflow_agentic_runs\\run_4908_1773506113472\\final_1773506124058.png');
INSERT INTO test_artifacts (run_id, artifact_path) VALUES ('orchestration_1773506124364690200', 'C:\\Users\\William\\Desktop\\Projects\\Genai_2026\\db\\langflow_agentic_runs\\run_4908_1773506113472\\playwright_executor.generated.js');
INSERT INTO test_artifacts (run_id, artifact_path) VALUES ('orchestration_1773506124364690200', 'C:\\Users\\William\\Desktop\\Projects\\Genai_2026\\db\\langflow_agentic_runs\\run_4908_1773506113472\\request_parser.json');
INSERT INTO test_artifacts (run_id, artifact_path) VALUES ('orchestration_1773506124364690200', 'C:\\Users\\William\\Desktop\\Projects\\Genai_2026\\db\\langflow_agentic_runs\\run_4908_1773506113472\\step_1773506123925.png');
INSERT INTO tests (id, project_id, title, objective, status, latest_version, created_at, updated_at) VALUES ('langflow_orchestration_1773506471747350400', 'genai_2026', 'Observe rotating-square ball animation and identify critical defects', 'Observe rotating-square ball animation and identify critical defects.', 'approved', 1, '2026-03-14 18:49:28', '2026-03-14 18:49:28');
INSERT INTO test_versions (id, test_id, version_number, objective, notes, status, source_type, plan_json, created_at) VALUES ('langflow_orchestration_1773506471747350400_v1', 'langflow_orchestration_1773506471747350400', 1, 'Observe rotating-square ball animation and identify critical defects.', 'Procedure executed successfully.', 'approved', 'langflow_import', '{"objective":"Observe rotating-square ball animation and identify critical defects.","rationale":"Fallback deterministic plan based on environment snapshot.","steps":[{"action":"goto","target":"http://127.0.0.1:8088"},{"action":"assertVisible","target":"body"},{"action":"wait","target":"time","value":10000},{"action":"scrollPage","target":"down"},{"action":"screenshot","target":"fullPage"}],"assertions":["Page renders","No fatal runtime errors during observation window"],"success_criteria":["Execution completes","Video artifact exists"]}', '2026-03-14 18:49:28');
INSERT INTO test_runs (id, test_id, status, summary, video_path, source_file, created_at) VALUES ('orchestration_1773506471747350400', 'langflow_orchestration_1773506471747350400', 'pass', 'Procedure executed successfully.', 'C:\\Users\\William\\Desktop\\Projects\\Genai_2026\\db\\langflow_agentic_runs\\run_34468_1773506460866\\b0051e42369e1aefc625304de49c4061.webm', 'C:\\Users\\William\\Desktop\\Projects\\Genai_2026\\db\\langflow_agentic_runs\\orchestration_1773506471747350400.json', '2026-03-14 18:49:28');
INSERT INTO test_artifacts (run_id, artifact_path) VALUES ('orchestration_1773506471747350400', 'C:\\Users\\William\\Desktop\\Projects\\Genai_2026\\db\\langflow_agentic_runs\\run_34468_1773506460866\\b0051e42369e1aefc625304de49c4061.webm');
INSERT INTO test_artifacts (run_id, artifact_path) VALUES ('orchestration_1773506471747350400', 'C:\\Users\\William\\Desktop\\Projects\\Genai_2026\\db\\langflow_agentic_runs\\run_34468_1773506460866\\final_1773506471429.png');
INSERT INTO test_artifacts (run_id, artifact_path) VALUES ('orchestration_1773506471747350400', 'C:\\Users\\William\\Desktop\\Projects\\Genai_2026\\db\\langflow_agentic_runs\\run_34468_1773506460866\\playwright_executor.generated.js');
INSERT INTO test_artifacts (run_id, artifact_path) VALUES ('orchestration_1773506471747350400', 'C:\\Users\\William\\Desktop\\Projects\\Genai_2026\\db\\langflow_agentic_runs\\run_34468_1773506460866\\request_parser.json');
INSERT INTO test_artifacts (run_id, artifact_path) VALUES ('orchestration_1773506471747350400', 'C:\\Users\\William\\Desktop\\Projects\\Genai_2026\\db\\langflow_agentic_runs\\run_34468_1773506460866\\step_1773506471294.png');
INSERT INTO tests (id, project_id, title, objective, status, latest_version, created_at, updated_at) VALUES ('langflow_orchestration_1773506765832681400', 'genai_2026', 'Observe rotating-square ball animation and identify critical defects', 'Observe rotating-square ball animation and identify critical defects.', 'approved', 1, '2026-03-14 18:49:28', '2026-03-14 18:49:28');
INSERT INTO test_versions (id, test_id, version_number, objective, notes, status, source_type, plan_json, created_at) VALUES ('langflow_orchestration_1773506765832681400_v1', 'langflow_orchestration_1773506765832681400', 1, 'Observe rotating-square ball animation and identify critical defects.', 'Procedure executed successfully.', 'approved', 'langflow_import', '{"objective":"Observe rotating-square ball animation and identify critical defects.","rationale":"Fallback deterministic plan based on environment snapshot.","steps":[{"action":"goto","target":"http://127.0.0.1:8088"},{"action":"assertVisible","target":"body"},{"action":"wait","target":"time","value":10000},{"action":"scrollPage","target":"down"},{"action":"screenshot","target":"fullPage"}],"assertions":["Page renders","No fatal runtime errors during observation window"],"success_criteria":["Execution completes","Video artifact exists"]}', '2026-03-14 18:49:28');
INSERT INTO test_runs (id, test_id, status, summary, video_path, source_file, created_at) VALUES ('orchestration_1773506765832681400', 'langflow_orchestration_1773506765832681400', 'pass', 'Procedure executed successfully.', 'C:\\Users\\William\\Desktop\\Projects\\Genai_2026\\db\\langflow_agentic_runs\\run_26844_1773506755044\\730508db44a87eb376a02f91d3c19d7b.webm', 'C:\\Users\\William\\Desktop\\Projects\\Genai_2026\\db\\langflow_agentic_runs\\orchestration_1773506765832681400.json', '2026-03-14 18:49:28');
INSERT INTO test_artifacts (run_id, artifact_path) VALUES ('orchestration_1773506765832681400', 'C:\\Users\\William\\Desktop\\Projects\\Genai_2026\\db\\langflow_agentic_runs\\run_26844_1773506755044\\730508db44a87eb376a02f91d3c19d7b.webm');
INSERT INTO test_artifacts (run_id, artifact_path) VALUES ('orchestration_1773506765832681400', 'C:\\Users\\William\\Desktop\\Projects\\Genai_2026\\db\\langflow_agentic_runs\\run_26844_1773506755044\\final_1773506765533.png');
INSERT INTO test_artifacts (run_id, artifact_path) VALUES ('orchestration_1773506765832681400', 'C:\\Users\\William\\Desktop\\Projects\\Genai_2026\\db\\langflow_agentic_runs\\run_26844_1773506755044\\playwright_executor.generated.js');
INSERT INTO test_artifacts (run_id, artifact_path) VALUES ('orchestration_1773506765832681400', 'C:\\Users\\William\\Desktop\\Projects\\Genai_2026\\db\\langflow_agentic_runs\\run_26844_1773506755044\\request_parser.json');
INSERT INTO test_artifacts (run_id, artifact_path) VALUES ('orchestration_1773506765832681400', 'C:\\Users\\William\\Desktop\\Projects\\Genai_2026\\db\\langflow_agentic_runs\\run_26844_1773506755044\\step_1773506765418.png');
INSERT INTO tests (id, project_id, title, objective, status, latest_version, created_at, updated_at) VALUES ('langflow_orchestration_1773507401501227000', 'genai_2026', 'Observe rotating-square ball animation and identify critical defects', 'Observe rotating-square ball animation and identify critical defects.', 'approved', 1, '2026-03-14 18:49:28', '2026-03-14 18:49:28');
INSERT INTO test_versions (id, test_id, version_number, objective, notes, status, source_type, plan_json, created_at) VALUES ('langflow_orchestration_1773507401501227000_v1', 'langflow_orchestration_1773507401501227000', 1, 'Observe rotating-square ball animation and identify critical defects.', 'Procedure executed successfully.', 'approved', 'langflow_import', '{"objective":"Observe rotating-square ball animation and identify critical defects.","rationale":"Fallback deterministic plan based on environment snapshot.","steps":[{"action":"goto","target":"http://127.0.0.1:8088"},{"action":"assertVisible","target":"body"},{"action":"wait","target":"time","value":10000},{"action":"scrollPage","target":"down"},{"action":"screenshot","target":"fullPage"}],"assertions":["Page renders","No fatal runtime errors during observation window"],"success_criteria":["Execution completes","Video artifact exists"]}', '2026-03-14 18:49:28');
INSERT INTO test_runs (id, test_id, status, summary, video_path, source_file, created_at) VALUES ('orchestration_1773507401501227000', 'langflow_orchestration_1773507401501227000', 'pass', 'Procedure executed successfully.', 'C:\\Users\\William\\Desktop\\Projects\\Genai_2026\\db\\langflow_agentic_runs\\run_35096_1773507390676\\07f9e6a2c9970ddd48dd68e0485c7888.webm', 'C:\\Users\\William\\Desktop\\Projects\\Genai_2026\\db\\langflow_agentic_runs\\orchestration_1773507401501227000.json', '2026-03-14 18:49:28');
INSERT INTO test_artifacts (run_id, artifact_path) VALUES ('orchestration_1773507401501227000', 'C:\\Users\\William\\Desktop\\Projects\\Genai_2026\\db\\langflow_agentic_runs\\run_35096_1773507390676\\07f9e6a2c9970ddd48dd68e0485c7888.webm');
INSERT INTO test_artifacts (run_id, artifact_path) VALUES ('orchestration_1773507401501227000', 'C:\\Users\\William\\Desktop\\Projects\\Genai_2026\\db\\langflow_agentic_runs\\run_35096_1773507390676\\final_1773507401190.png');
INSERT INTO test_artifacts (run_id, artifact_path) VALUES ('orchestration_1773507401501227000', 'C:\\Users\\William\\Desktop\\Projects\\Genai_2026\\db\\langflow_agentic_runs\\run_35096_1773507390676\\playwright_executor.generated.js');
INSERT INTO test_artifacts (run_id, artifact_path) VALUES ('orchestration_1773507401501227000', 'C:\\Users\\William\\Desktop\\Projects\\Genai_2026\\db\\langflow_agentic_runs\\run_35096_1773507390676\\request_parser.json');
INSERT INTO test_artifacts (run_id, artifact_path) VALUES ('orchestration_1773507401501227000', 'C:\\Users\\William\\Desktop\\Projects\\Genai_2026\\db\\langflow_agentic_runs\\run_35096_1773507390676\\step_1773507401065.png');
INSERT INTO tests (id, project_id, title, objective, status, latest_version, created_at, updated_at) VALUES ('langflow_orchestration_1773509036884934300', 'genai_2026', 'Observe rotating-square ball animation and identify critical defects', 'Observe rotating-square ball animation and identify critical defects.', 'approved', 1, '2026-03-14 18:49:28', '2026-03-14 18:49:28');
INSERT INTO test_versions (id, test_id, version_number, objective, notes, status, source_type, plan_json, created_at) VALUES ('langflow_orchestration_1773509036884934300_v1', 'langflow_orchestration_1773509036884934300', 1, 'Observe rotating-square ball animation and identify critical defects.', 'Procedure executed successfully.', 'approved', 'langflow_import', '{"objective":"Observe rotating-square ball animation and identify critical defects.","rationale":"Fallback deterministic plan based on environment snapshot.","steps":[{"action":"goto","target":"http://127.0.0.1:8088"},{"action":"assertVisible","target":"body"},{"action":"wait","target":"time","value":10000},{"action":"scrollPage","target":"down"},{"action":"screenshot","target":"fullPage"}],"assertions":["Page renders","No fatal runtime errors during observation window"],"success_criteria":["Execution completes","Video artifact exists"]}', '2026-03-14 18:49:28');
INSERT INTO test_runs (id, test_id, status, summary, video_path, source_file, created_at) VALUES ('orchestration_1773509036884934300', 'langflow_orchestration_1773509036884934300', 'pass', 'Procedure executed successfully.', 'C:\\Users\\William\\Desktop\\Projects\\Genai_2026\\db\\langflow_agentic_runs\\run_27020_1773509025917\\8952f78d2c15c52fb3337e3228e791d0.webm', 'C:\\Users\\William\\Desktop\\Projects\\Genai_2026\\db\\langflow_agentic_runs\\orchestration_1773509036884934300.json', '2026-03-14 18:49:28');
INSERT INTO test_artifacts (run_id, artifact_path) VALUES ('orchestration_1773509036884934300', 'C:\\Users\\William\\Desktop\\Projects\\Genai_2026\\db\\langflow_agentic_runs\\run_27020_1773509025917\\8952f78d2c15c52fb3337e3228e791d0.webm');
INSERT INTO test_artifacts (run_id, artifact_path) VALUES ('orchestration_1773509036884934300', 'C:\\Users\\William\\Desktop\\Projects\\Genai_2026\\db\\langflow_agentic_runs\\run_27020_1773509025917\\final_1773509036494.png');
INSERT INTO test_artifacts (run_id, artifact_path) VALUES ('orchestration_1773509036884934300', 'C:\\Users\\William\\Desktop\\Projects\\Genai_2026\\db\\langflow_agentic_runs\\run_27020_1773509025917\\playwright_executor.generated.js');
INSERT INTO test_artifacts (run_id, artifact_path) VALUES ('orchestration_1773509036884934300', 'C:\\Users\\William\\Desktop\\Projects\\Genai_2026\\db\\langflow_agentic_runs\\run_27020_1773509025917\\request_parser.json');
INSERT INTO test_artifacts (run_id, artifact_path) VALUES ('orchestration_1773509036884934300', 'C:\\Users\\William\\Desktop\\Projects\\Genai_2026\\db\\langflow_agentic_runs\\run_27020_1773509025917\\step_1773509036345.png');
INSERT INTO tests (id, project_id, title, objective, status, latest_version, created_at, updated_at) VALUES ('manual_seed_1', 'genai_2026', 'Verify landing page loads and shows main heading', 'Verify landing page loads and shows main heading.', 'pending_approval', 1, '2026-03-14 18:49:28', '2026-03-14 18:49:28');
INSERT INTO test_versions (id, test_id, version_number, objective, notes, status, source_type, plan_json, created_at) VALUES ('manual_seed_1_v1', 'manual_seed_1', 1, 'Verify landing page loads and shows main heading.', 'Starter manual test created by Jungle catalog seeder.', 'pending_approval', 'manual_seed', '{"steps":[{"action":"goto","target":"/"},{"action":"assertVisible","target":"main heading"}]}', '2026-03-14 18:49:28');
INSERT INTO tests (id, project_id, title, objective, status, latest_version, created_at, updated_at) VALUES ('manual_seed_2', 'genai_2026', 'Validate terminal output panel renders latest command logs', 'Validate terminal output panel renders latest command logs.', 'approved', 1, '2026-03-14 18:49:28', '2026-03-14 18:49:28');
INSERT INTO test_versions (id, test_id, version_number, objective, notes, status, source_type, plan_json, created_at) VALUES ('manual_seed_2_v1', 'manual_seed_2', 1, 'Validate terminal output panel renders latest command logs.', 'Starter manual test created by Jungle catalog seeder.', 'approved', 'manual_seed', '{"steps":[{"action":"goto","target":"/"},{"action":"assertVisible","target":"main heading"}]}', '2026-03-14 18:49:28');
INSERT INTO tests (id, project_id, title, objective, status, latest_version, created_at, updated_at) VALUES ('manual_seed_3', 'genai_2026', 'Confirm video artifact is available in results view for a selected run', 'Confirm video artifact is available in results view for a selected run.', 'needs_changes', 1, '2026-03-14 18:49:28', '2026-03-14 18:49:28');
INSERT INTO test_versions (id, test_id, version_number, objective, notes, status, source_type, plan_json, created_at) VALUES ('manual_seed_3_v1', 'manual_seed_3', 1, 'Confirm video artifact is available in results view for a selected run.', 'Starter manual test created by Jungle catalog seeder.', 'needs_changes', 'manual_seed', '{"steps":[{"action":"goto","target":"/"},{"action":"assertVisible","target":"main heading"}]}', '2026-03-14 18:49:28');
